﻿<?xml version="1.0" encoding="UTF-8" standalone="yes"?>
<addon id="plugin.video.fernandoaddon" name="Fernando EC" version="0.0.2" provider-name="Fernando EC">
    <requires>
        <import addon="xbmc.python" version="2.19.0" />
        <import addon="script.module.universalscrapers" version="1.0.0" />
        <import addon="script.module.python.koding.aio" version="0.9.6.6" />
        <import addon="script.module.beautifulsoup" version="3.2.1" />
        <import addon="script.module.requests" version="2.9.1" />
        <import addon="script.module.addon.common" version="2.0.0" />
        <import addon="script.module.xmltodict" version="0.9.0" />
        <!--<import addon="script.module.web-pdb" version="1.0"/>-->
        <import addon="script.module.resolveurl" />
    </requires>
    <extension point="xbmc.python.pluginsource" library="default.py">
        <provides>video</provides>
    </extension>
    <extension point="xbmc.service" library="service.py" start="[login|startup]" />
    <extension point="xbmc.addon.metadata">
        <summary lang="en">Conteúdos so para os amigos</summary>
        <description lang="en">Addon para os meus conteúdos pessoais versão 2</description>
        <disclaimer lang="en">O autor não é responsável pelo uso deste addon. O autor não é responsável pelo conteúdo encontrado usando este addon. O autor não aloja nem possui nenhum conteúdo encontrado neste addon.[CR]O autor não está de forma alguma afiliado à Kodi, Team Kodi ou à Fundação XBMC..[CR]Este é um recurso sem fins lucrativos protegido pela doutrina de uso justo da Lei de Direitos de Autor, especificamente a secção 107, que promove a liberdade de expressão, permitindo o uso não autorizado de obras protegidas por direitos de autor.</disclaimer>
        <platform>all</platform>
        <website/>
        <video_guide>https://youtu.be/0kFhoWahtFw</video_guide>
    </extension>
</addon>