<xml>

<dir>
<title>Filmes (géneros)</title>
<link>https://raw.githubusercontent.com/fernandobrum/xml/master/genero_filmes.xml</link>
</link>
</dir>

<dir>
<title>Séries (géneros)</title>
<link>https://raw.githubusercontent.com/fernandobrum/xml/master/genero_series.xml</link>
</dir>

<dir>
<title>Filmes por Anos</title>
<link>https://raw.githubusercontent.com/fernandobrum/xml/master/anos_filmes.xml</link>
</dir>

<dir>
<title>Pesquisar</title>
<tmdb>search</tmdb>
</dir>

<dir>
<title>[LIGHT][COLOR red][B][I]Artur Brum[/I][/B][/COLOR][/LIGHT]</title>
<link>https://raw.githubusercontent.com/fernandobrum/xml/master/arturbrum.xml</link>
</dir>
  
<dir>
<title>[COLOR yellow][B][I]Luisinha[/I][/B][/COLOR]</title>
<link>https://raw.githubusercontent.com/fernandobrum/xml/master/filhota.xml</link>
</dir>

<dir>
<title>Outros</title>
<link>https://raw.githubusercontent.com/fernandobrum/xml/master/outros.xml</link>
</dir>

</xml>