﻿<?xml version="1.0" encoding="UTF-8" standalone="yes"?>
	<addon id="repository.fernandorepo" name="Repository FernandoRepo" version="1.0" provider-name="Fernando EC">
		<extension point="xbmc.addon.repository" name="Repository FernandoRepo">
			<info compressed="false">https://raw.githubusercontent.com/fernandobrum/fec/master/addons.xml</info>
			<checksum>https://raw.githubusercontent.com/fernandobrum/fec/master/addon.xml.md5</checksum>
			<datadir zip="true">https://raw.githubusercontent.com/fernandobrum/fec/master/</datadir>
		</extension>
		<extension point="xbmc.addon.metadata">
			<summary lang="en">Repository FernandoRepo</summary>
			<description>O meu primeiro repositorio do Kodi</description>
			<platform>all</platform>
			<forum>http://koditalk.org</forum>
			<website>https://streamhelp.org</website>
		<assets>
			<icon>icon.png</icon>
			<screenshot>resources/screenshots/screenshot1.jpg</screenshot>
			<screenshot>resources/screenshots/screenshot2.jpg</screenshot>		
			<screenshot>resources/screenshots/screenshot3.jpg</screenshot>
			<screenshot>resources/screenshots/screenshot4.jpg</screenshot>
			<screenshot>resources/screenshots/screenshot5.jpg</screenshot>
		</assets>
		</extension>
	</addon>
